image_id,filename,width,height,source,license,sha256,status,note
36,000000000036.jpg,481,640,coco128-subset,CC BY 4.0,2bb515b26d250fcdf16effa3a7280babe32ae9b6f7608563e53cd01f5cd66ad4,ok,
42,000000000042.jpg,640,478,coco128-subset,CC BY 4.0,9008ddd846fc6002ec47ea6067cb92cf70f294773cc15765b6a14ffb392f52fa,ok,
49,000000000049.jpg,381,500,coco128-subset,CC BY 4.0,bc1482d2cba6e4db671c8eedbc7c8d86e0a31c927587a24297647f530349fe7b,ok,
61,000000000061.jpg,640,488,coco128-subset,CC BY 4.0,a1a9ac88e4c5cfbdd1cd425a6d262b1e78bf32676a9c17a2861ca6a23a731955,ok,
64,000000000064.jpg,480,640,coco128-subset,CC BY 4.0,406f84619f5197d416f60566d41ad4d58f1d10b0a182652bbda266eedbc3f1ab,ok,
71,000000000071.jpg,640,426,coco128-subset,CC BY 4.0,5393bf6575c435daa599c1272d9e61e99c099994ae4d3755311684663fed0917,ok,
74,000000000074.jpg,640,426,coco128-subset,CC BY 4.0,99d864809a7355862032b54283bd4808971da5a2b976b20467203e6c192e755d,ok,
77,000000000077.jpg,500,375,coco128-subset,CC BY 4.0,e07c725d9941691ac87386f0f4edd44f62a232696288bf95fb5ddef9384347b1,ok,
86,000000000086.jpg,512,640,coco128-subset,CC BY 4.0,f58a99916783cdf4a7619286dc46adedd4ea1143bcc2cd773c6504aa5280915a,ok,
94,000000000094.jpg,640,427,coco128-subset,CC BY 4.0,143779e4a70bb6b6e10232aa02c2ce99a9a1246d763da344b424aba4ca71cd9f,ok,
109,000000000109.jpg,640,416,coco128-subset,CC BY 4.0,69edeeca53763fb2a4ee51739e4f9a4f053584b4f3ca4ff9911c49fa52ed2762,ok,
110,000000000110.jpg,640,480,coco128-subset,CC BY 4.0,39d967c7856965853e90b9283db4a6895a034eb17fe0c84581d17af4a59edcf2,ok,
113,000000000113.jpg,416,640,coco128-subset,CC BY 4.0,51d5f657eacbc0f37f0d847f903abc90bb33479fa0459fdc64ebbeb5cac34d99,ok,
127,000000000127.jpg,640,481,coco128-subset,CC BY 4.0,0ce2f02f39d5d49260d91762bc9a659f8f9d516d8e416c8120306330bfd58023,ok,
136,000000000136.jpg,500,374,coco128-subset,CC BY 4.0,e20c569a1e6174fd845a434a3fe3d50fb4f8a0e275fb348cc2c9b42a11600ccc,ok,
149,000000000149.jpg,640,428,coco128-subset,CC BY 4.0,73a20e38429ba6c78f62a90df787360c4a9ae3d331b002b509a8ee15179788a4,ok,
151,000000000151.jpg,480,640,coco128-subset,CC BY 4.0,b92d7d249e574fbd4ad8ba2fbc2c1879ca281b779f1276ac3daa0304b80039e4,ok,
165,000000000165.jpg,640,536,coco128-subset,CC BY 4.0,2d3d9e0b4b165c0f783b97cd963097b13effa1af851c9576617fb7c910d63cd8,ok,
192,000000000192.jpg,640,480,coco128-subset,CC BY 4.0,93a9d9132aefccbb1f1bfb51198b5b427d1cf4a977ef259c9d0507ee5b0df732,ok,
201,000000000201.jpg,640,428,coco128-subset,CC BY 4.0,4efc7ce561df432c2d3d9a60040f62b1b8389b36b401269bfc6802065dfcb9d8,ok,
241,000000000241.jpg,480,640,coco128-subset,CC BY 4.0,14007b87745069ed85c6412dffc8ad11a22de98d5f5c9ae896523e12622961c5,ok,
247,000000000247.jpg,640,424,coco128-subset,CC BY 4.0,a57c40ee95f73bb493e573bbbd593d037fdf176a02f1d3f6a3f437c8f78f805a,ok,
257,000000000257.jpg,640,480,coco128-subset,CC BY 4.0,ae711135026cbd548fa1e04edc0ee96bce57162587e0238e7f76b4dc46cf4208,ok,
260,000000000260.jpg,500,333,coco128-subset,CC BY 4.0,f70992bbd14794773e27801c4cf4ba34ca4f453eb2efded62c2a558c40e3885b,ok,
294,000000000294.jpg,640,427,coco128-subset,CC BY 4.0,66bff049c25ed6498e69a51ac65b88d5fc800233fed0f89ee07ab178f7db766d,ok,
307,000000000307.jpg,640,480,coco128-subset,CC BY 4.0,c839076b4fa14020f97c8a5909c84a1e85c912ca262a91c8c4648ebe27caf61f,ok,
308,000000000308.jpg,640,426,coco128-subset,CC BY 4.0,07c410e96a812351bf385add8645b8dc2ed064902ff2ef01072be6351b428393,ok,
309,000000000309.jpg,600,600,coco128-subset,CC BY 4.0,40087a8191fc80eba012c1ba4735402b4890aa0669a84ea0d3dac043ca543247,ok,
315,000000000315.jpg,640,427,coco128-subset,CC BY 4.0,5804350236bc0d52715f9354498d52f8d260b0e3d8f965526cd85ca6a18b7caa,ok,
322,000000000322.jpg,640,481,coco128-subset,CC BY 4.0,4dddb450ab0a84a458c3da0cfa868a42b9b146de1cda3dd13c34b3599c7b80d3,ok,
326,000000000326.jpg,640,427,coco128-subset,CC BY 4.0,d8c9b6803795082707fcd62f2d1d38826709836504e330db3e7b4713c3316d59,ok,
328,000000000328.jpg,640,491,coco128-subset,CC BY 4.0,8ba0ed80d34589221b1243e0764471d91716b3a267827cb37ecfc3cfae52cc90,ok,
338,000000000338.jpg,640,327,coco128-subset,CC BY 4.0,fdf5b5b2f8227082a5542fbc33b5f8740b040d345653c33bec6158d835542d6b,ok,
357,000000000357.jpg,640,218,coco128-subset,CC BY 4.0,939b5473ea4787a01c2293a3e62979442eea5c9b3dcaab8803c07a5b6d47e087,ok,
359,000000000359.jpg,500,332,coco128-subset,CC BY 4.0,8da8a8320518a8adadbbd79615e066fd60b31c6025919665264ff9d0f746a5dd,ok,
360,000000000360.jpg,500,375,coco128-subset,CC BY 4.0,1a5d039418eacc09510efabcd466dc05701f0dac9ae0040b05a1b30b796ef96e,ok,
368,000000000368.jpg,480,640,coco128-subset,CC BY 4.0,a10be0a1beb5a34b50af22cc657dbf186a944db7ce8924e570295f35bd954036,ok,
370,000000000370.jpg,480,640,coco128-subset,CC BY 4.0,0d3719ec6f6f54229f498f7b01b113a864cd1eeccac196086741d98e23ae2455,ok,
382,000000000382.jpg,640,480,coco128-subset,CC BY 4.0,9455b8af106ef7a2a3b6c4c7ceeda5f4e81b5e364a2aef8e6cf68abc1396f8bd,ok,
389,000000000389.jpg,640,480,coco128-subset,CC BY 4.0,f6d313afba47fe0747d1d78cd342f420eb305de8faadb5cb164de428522b40d6,ok,
394,000000000394.jpg,640,611,coco128-subset,CC BY 4.0,2cf78c1cfa98714d2ed8a643f931c39511bbb6085fddf157b27ed709089e0343,ok,
395,000000000395.jpg,640,580,coco128-subset,CC BY 4.0,8d823d141724cc8656ccd48b49d6e44556ca399fbbd8458cc488f0d9816809a4,ok,
397,000000000397.jpg,640,480,coco128-subset,CC BY 4.0,5011e5e9eac564d30fa652281a7fd1d7693545077971741a241f400611e4c33e,ok,
400,000000000400.jpg,638,640,coco128-subset,CC BY 4.0,7b78338d4c7a30f7c38eb3bf11a7623a195e10926359adfd7281d6ce99e42dcb,ok,
415,000000000415.jpg,359,640,coco128-subset,CC BY 4.0,cc75d90eac7419395e81ddd7e33c81dbec387892e086b40cbf12dc3fe09f8bb1,ok,
419,000000000419.jpg,640,480,coco128-subset,CC BY 4.0,4b4e5c24a3aafa6d591ab385cc3756f90a804212a8e060ba374d1658b69b308e,ok,
428,000000000428.jpg,640,360,coco128-subset,CC BY 4.0,49e87dbacfb3911d83fde336b7c01b79cc7bc77a021a601f2eb8d861f170a466,ok,
431,000000000431.jpg,640,389,coco128-subset,CC BY 4.0,1ecf0c6810ad0972f867b0f53f94c03d3398fc6958af4cac60dde350533f7b8c,ok,
436,000000000436.jpg,427,640,coco128-subset,CC BY 4.0,84b778ac377b3fb394edee6f6c3e688c600a3ac440247b64942b1e6e116ff9a3,ok,
443,000000000443.jpg,640,480,coco128-subset,CC BY 4.0,f6483d57885c348a27dcdc272e4bd5296c75596d7c64fe638b24dbb503209902,ok,
446,000000000446.jpg,480,640,coco128-subset,CC BY 4.0,41f3d2ce74148a9628d29ac8ddb5eeed3a07394a55b72e75df5d418d5887ef50,ok,
459,000000000459.jpg,516,640,coco128-subset,CC BY 4.0,9dac859e6bc3eaf091e94593a005735f9c3c3e71c1c40a708b4c24da99b2e06c,ok,
471,000000000471.jpg,640,427,coco128-subset,CC BY 4.0,8f473ca6e651f74a74efea3673445230f6bb7d6ae92f76bf3c1e523853ec3995,ok,
474,000000000474.jpg,333,500,coco128-subset,CC BY 4.0,e5a6b72ea2fda1cd1ea969018036e6da16fa491f9a2ac974a7361b539b00a155,ok,
488,000000000488.jpg,640,406,coco128-subset,CC BY 4.0,9e1c9d4c88d38e6a2cd2f775bea82c137c14dc3b13f8430bcdadcb89ab0b7022,ok,
490,000000000490.jpg,500,495,coco128-subset,CC BY 4.0,1274c3c4010d45ddd84faf1c56f7c997c0c2533e4f25c6ccea25e8233e5684e5,ok,
510,000000000510.jpg,640,480,coco128-subset,CC BY 4.0,c2fcc1d44e81016f4c53e7e610c44dc28a2ca1bc5e73f73623129d261bff15e2,ok,
520,000000000520.jpg,640,480,coco128-subset,CC BY 4.0,2b971302ba56e1049294f9e0b198f37316148c8257b8d7344002aed624c45844,ok,
529,000000000529.jpg,427,640,coco128-subset,CC BY 4.0,5d9958bdec3062b05090258293a19af01d231de69b943d1ff0bb4a7b943e6db3,ok,
531,000000000531.jpg,640,480,coco128-subset,CC BY 4.0,111bb407e512f23fcc14bbc51ad4b312b0797332aab86ecd9373808286ed30b1,ok,
532,000000000532.jpg,640,480,coco128-subset,CC BY 4.0,60745e50cb857e4683d3622ac6c1e7ade63bd73ee458eb76a70455badaee2869,ok,
536,000000000536.jpg,448,336,coco128-subset,CC BY 4.0,745e538b3979ffa93f63bb294163e173d9a99413bce6cf3289215b541c9f1eb1,ok,
540,000000000540.jpg,640,425,coco128-subset,CC BY 4.0,32099f009fcb436bad1bd59b5d48b3e5620fa667a83db5a09879e158dd346103,ok,
542,000000000542.jpg,640,484,coco128-subset,CC BY 4.0,ef93fd2248a41119a34a86d11478b87bd0c715ff3c2c65f3f5f54a3f31a3dedf,ok,
544,000000000544.jpg,640,427,coco128-subset,CC BY 4.0,f599082d9c87db6029fc3d6e468074d1294dc98a8755152ca7324811aa1d10cd,ok,
564,000000000564.jpg,520,640,coco128-subset,CC BY 4.0,1f67bf49851ff43dba866f0cd6cc1b6f1d35ee75255a6092483550548584f477,ok,
569,000000000569.jpg,640,480,coco128-subset,CC BY 4.0,07655c58e2286ec5e8b74eee71a03841ccf732cbc502d6c380d894a14041ad5f,ok,
572,000000000572.jpg,427,640,coco128-subset,CC BY 4.0,b779e782a66c196373580de6ede5c4faacabf05fb521eab8df4d11b71d8d2770,ok,
581,000000000581.jpg,473,500,coco128-subset,CC BY 4.0,60ad7a794ae3032c302c4e1d5111099921ce7e8df23df4401f60bdc74dc83bf1,ok,
589,000000000589.jpg,640,480,coco128-subset,CC BY 4.0,b028805b2fb2c666ef72d4a7a01677bcf0ed56fb4d14cadc8646acdf379999c7,ok,
623,000000000623.jpg,375,500,coco128-subset,CC BY 4.0,c11d16bc49acabc2a52b990174110753dbe3a9a71eb7aa37af8f5fc4c616fb20,ok,
625,000000000625.jpg,640,446,coco128-subset,CC BY 4.0,0938276afa762c367dac4968bc9a3d4abf9d83db1f4bea67262bff976568e24c,ok,
634,000000000634.jpg,427,640,coco128-subset,CC BY 4.0,d769636e9b9d22fa6fd4dcc2e683b2c95a5a9c247b3cc95df7367b1dba52f9bc,ok,
641,000000000641.jpg,640,428,coco128-subset,CC BY 4.0,8eae4239a000d602acb4c58801a3c070e4bf3da608e57e7a3dcbd5ef719895cc,ok,
650,000000000650.jpg,640,427,coco128-subset,CC BY 4.0,9bb45795336c1d05189fe51a77e04270cd1da8929d62060926798f3dd2d25204,ok,
